id,ez_defect_mean,elm_defect_mean,ez_integrity_mean,elm_integrity_mean,photoreceptor_cuff_mean
0,47.0,55.0,0.874331550802139,0.8529411764705883,96.64479742173113
1,58.5,81.0,0.8435828877005348,0.7834224598930482,108.94297771370216
2,66.0,106.5,0.8235294117647058,0.71524064171123,114.65567771039345
3,40.5,78.0,0.8917112299465241,0.7914438502673797,164.3750298614429
4,61.0,72.0,0.8368983957219251,0.8074866310160428,83.75703672868167
5,24.5,11.5,0.9344919786096256,0.9692513368983957,96.35037544551714
6,89.0,8.5,0.7620320855614973,0.9772727272727273,142.00467195675924
7,49.0,72.5,0.8689839572192514,0.8061497326203209,121.13292859731786
8,79.0,63.5,0.7887700534759359,0.8302139037433155,101.47130392778432
9,37.5,54.0,0.8997326203208555,0.8556149732620321,108.21498495076122
10,14.5,120.5,0.9612299465240641,0.6778074866310161,144.7178998670802
11,43.0,85.0,0.8850267379679144,0.7727272727272727,108.68682617043272
12,70.0,76.0,0.8128342245989304,0.7967914438502675,159.2192513368984
13,68.5,66.5,0.8168449197860963,0.8221925133689839,211.19735870239606
14,64.5,22.5,0.8275401069518717,0.9398395721925134,167.90005375059724
15,84.5,27.0,0.7740641711229946,0.927807486631016,164.94888066278867
16,80.5,97.0,0.78475935828877,0.7406417112299466,114.76840924457557
17,75.5,66.0,0.7981283422459893,0.8235294117647058,95.50559807256235
18,32.5,6.5,0.9131016042780749,0.982620320855615,163.18588934943233
19,43.0,109.0,0.8850267379679144,0.7085561497326204,140.23783783783784
20,52.0,46.0,0.8609625668449198,0.8770053475935828,120.315015015015
21,31.5,51.0,0.9157754010695187,0.8636363636363636,158.61475646769765
22,31.5,100.5,0.9157754010695187,0.731283422459893,110.5899192295744
23,38.5,27.0,0.8970588235294117,0.9278074866310161,94.84417630245551
24,53.5,26.5,0.856951871657754,0.929144385026738,96.92100132919805
25,41.0,66.0,0.8903743315508021,0.8235294117647058,148.4438990182328
26,40.5,29.0,0.8917112299465241,0.9224598930481284,124.51633246149376
27,20.5,34.5,0.9451871657754011,0.9077540106951871,100.46410718437572
28,99.5,66.5,0.733957219251337,0.822192513368984,117.30277777777778
29,54.5,46.0,0.8542780748663101,0.8770053475935828,111.92937853107344
30,30.5,45.5,0.9184491978609626,0.8783422459893048,117.33028673835125
31,41.0,51.0,0.8903743315508021,0.8636363636363636,132.71391835422696
32,47.0,43.5,0.874331550802139,0.8836898395721926,70.14097440132122
33,42.0,59.5,0.8877005347593583,0.8409090909090908,91.88745087202162
34,35.5,42.5,0.9050802139037433,0.8863636363636364,127.88315217391305
35,31.0,30.0,0.9171122994652406,0.9197860962566845,165.11520737327191
36,29.0,17.5,0.9224598930481284,0.9532085561497327,145.58617182050688
37,47.0,21.5,0.874331550802139,0.9425133689839572,171.99841114278928
38,86.0,69.5,0.7700534759358288,0.8141711229946524,172.68130383130384
39,64.5,47.5,0.8275401069518717,0.8729946524064172,125.48045157456922
40,4.5,26.0,0.9879679144385026,0.9304812834224598,97.63054849361504
41,83.0,79.5,0.7780748663101604,0.7874331550802139,113.48966087675765
42,5.0,5.0,0.9866310160427807,0.9866310160427807,114.66071428571429
43,25.0,30.0,0.9331550802139037,0.9197860962566844,227.4361468420292
44,35.5,9.0,0.9050802139037433,0.9759358288770053,103.11288310762652
45,39.5,59.0,0.8943850267379678,0.8422459893048129,157.6036886895521
46,41.0,43.0,0.8903743315508021,0.8850267379679144,166.4781420765027
47,47.0,43.0,0.8743315508021391,0.8850267379679144,143.94715233336257
48,72.0,72.0,0.8074866310160428,0.8074866310160428,102.74490583971959
49,33.0,21.5,0.9117647058823529,0.9425133689839572,163.60523827813395
50,96.0,15.5,0.7433155080213903,0.9585561497326203,115.77797340780766
51,28.5,105.0,0.9237967914438503,0.7192513368983957,153.1577540106952
52,61.0,51.5,0.8368983957219251,0.8622994652406417,143.38858695652175
53,74.0,41.0,0.8021390374331552,0.8903743315508021,92.45215867548868
54,79.5,5.0,0.7874331550802138,0.9866310160427807,114.99498610607708
55,25.5,4.0,0.9318181818181819,0.9893048128342246,93.02162162162162
56,22.5,24.0,0.9398395721925134,0.9358288770053476,169.71236559139786
57,59.0,8.5,0.8422459893048129,0.9772727272727273,115.61622498985548
58,26.0,48.5,0.9304812834224598,0.8703208556149733,106.35518055814532
59,45.5,89.0,0.8783422459893048,0.7620320855614973,140.6025441949355
60,61.0,43.0,0.8368983957219251,0.8850267379679144,213.2526954762249
61,33.0,45.0,0.9117647058823529,0.8796791443850267,84.97175141242938
62,54.5,48.0,0.8542780748663101,0.8716577540106951,138.85227272727275
63,45.0,37.0,0.8796791443850267,0.9010695187165776,180.21121483457165
64,68.0,78.5,0.8181818181818182,0.7901069518716577,91.47134354512221
65,74.0,27.0,0.8021390374331552,0.927807486631016,92.96018393099024
66,126.5,67.0,0.6617647058823529,0.820855614973262,160.87533781841182
67,63.5,123.0,0.8302139037433155,0.6711229946524064,91.41821413880237
68,48.5,4.0,0.8703208556149733,0.9893048128342246,114.53846153846155
69,128.5,155.5,0.6564171122994653,0.5842245989304813,196.6098179374389
70,5.0,85.0,0.9866310160427807,0.7727272727272727,118.02518403719489
71,45.5,29.5,0.8783422459893048,0.9211229946524064,127.65686959414504
72,46.0,76.5,0.8770053475935828,0.7954545454545454,110.91401098901099
73,99.0,96.0,0.7352941176470589,0.7433155080213903,169.92237364153874
74,47.5,52.0,0.8729946524064172,0.8609625668449198,85.81299333151878
75,95.5,104.5,0.7446524064171123,0.7205882352941176,90.9445115506568
76,44.0,87.0,0.8823529411764706,0.767379679144385,128.86896950426365
77,72.0,87.0,0.8074866310160428,0.767379679144385,91.07990929296571
78,64.0,84.0,0.8288770053475936,0.7754010695187166,121.781101700006
79,47.0,56.0,0.874331550802139,0.8502673796791445,115.69354838709677
80,51.5,6.5,0.8622994652406417,0.982620320855615,157.56216942812893
81,82.0,128.0,0.7807486631016043,0.6577540106951871,109.58378378378379
82,43.0,52.5,0.8850267379679144,0.8596256684491979,147.92637362637362
83,80.5,12.0,0.78475935828877,0.9679144385026738,132.2355384969237
84,106.0,7.5,0.7165775401069518,0.9799465240641712,111.2980982995854
85,53.5,61.0,0.856951871657754,0.8368983957219251,174.04133467655768
86,62.5,74.0,0.8328877005347594,0.8021390374331551,116.90040316559654
87,52.0,39.0,0.8609625668449198,0.8957219251336899,97.82676384336725
88,61.5,173.0,0.8355614973262031,0.5374331550802138,49.81111111111111
89,88.5,82.5,0.7633689839572192,0.7794117647058824,130.23068924539513
90,101.0,114.0,0.7299465240641712,0.6951871657754011,120.53395362575691
91,46.5,7.0,0.875668449197861,0.981283422459893,108.97261609358384
92,51.0,49.5,0.8636363636363636,0.8676470588235294,173.2841158747097
93,50.5,82.5,0.8649732620320856,0.7794117647058824,120.93614513253982
94,35.5,59.5,0.9050802139037433,0.8409090909090909,159.7480887562931
95,52.5,47.5,0.8596256684491979,0.8729946524064172,118.81121190419353
96,66.5,70.5,0.8221925133689839,0.8114973262032086,80.70567780018118
97,46.5,31.0,0.8756684491978609,0.9171122994652406,94.29818414707654
98,40.0,39.5,0.893048128342246,0.8943850267379679,179.9652406417112
99,115.0,165.0,0.6925133689839572,0.5588235294117647,99.62162162162161
100,29.0,75.5,0.9224598930481284,0.7981283422459893,153.06451612903226
101,32.5,74.0,0.9131016042780749,0.8021390374331552,102.6376861595078
102,73.5,104.5,0.803475935828877,0.7205882352941176,100.8418557595028
103,28.5,59.0,0.9237967914438503,0.8422459893048129,141.38378378378377
104,59.0,36.0,0.8422459893048129,0.9037433155080214,88.21281660636069
105,25.5,37.0,0.9318181818181819,0.9010695187165776,92.88153891596514
106,33.5,48.5,0.910427807486631,0.8703208556149733,118.72065699006876
107,32.0,33.5,0.9144385026737968,0.910427807486631,166.20580929838403
108,35.5,19.5,0.9050802139037433,0.9478609625668449,85.50113905595043
109,16.5,35.5,0.9558823529411764,0.9050802139037433,112.843409053225
110,33.0,54.5,0.911764705882353,0.8542780748663101,71.9122992392223
111,39.0,39.0,0.8957219251336899,0.8957219251336899,117.054786115007
112,49.5,3.5,0.8676470588235294,0.9906417112299465,112.57955830610706
113,31.0,31.5,0.9171122994652406,0.9157754010695187,137.20395724494085
114,46.0,46.0,0.8770053475935828,0.8770053475935828,91.09744990892531
115,57.5,63.0,0.8462566844919786,0.8315508021390374,96.2277034358047
116,123.0,76.5,0.6711229946524064,0.7954545454545454,138.52150537634407
117,44.5,27.0,0.8810160427807486,0.927807486631016,96.44117826617827
118,30.0,33.0,0.9197860962566845,0.9117647058823529,98.05169931357777
119,39.0,3.5,0.8957219251336899,0.9906417112299465,114.5461956521739
120,71.0,3.5,0.8101604278074866,0.9906417112299465,107.34794424476198
