id,mld_mean,bd_mean,height_mean,mhi_mean,thi_mean,dhi_mean
0,36.5,42.0,102.5,2.444412932501418,2.818045112781955,0.05354758725920275
1,58.0,60.5,136.0,2.2476737821565407,2.344047619047619,0.018255687973997833
2,16.5,75.0,134.55,3.68219696969697,8.205330882352943,0.37136092449185426
3,23.2,32.48,201.5,6.544278922698377,9.161990491777726,0.046360051266883556
4,30.0,44.5,95.5,2.1471631205673756,3.1918798665183536,0.15043956043956044
5,25.7,85.67999999999999,102.0,2.611775744780671,4.5713319810682895,0.6452018633540372
6,36.0,72.0,178.5,2.65,5.22564935064935,0.20216572504708097
7,27.8,52.62,113.05000000000001,2.6421216931216933,4.295860566448802,0.2220836692364888
8,24.5,48.0,118.05000000000001,2.462674825174825,4.856438127090302,0.1968232342891743
9,19.4,27.159999999999997,118.5,4.848155720248744,6.787418008348241,0.06490377761938701
10,67.0,109.15,177.0,1.6168469354310062,2.767857142857143,0.231439393939394
11,17.1,23.939999999999998,109.5,4.571770568692594,6.400478796169631,0.06290756302521007
12,53.0,241.0,262.0,1.0877703540432566,4.948361823361823,0.7186675028805625
13,7.0,86.0,245.5,2.880114566284779,35.07142857142857,0.32185996349759416
14,11.2,19.08,184.5,9.711309523809526,18.03472222222222,0.042507346890795814
15,17.4,104.36,183.55,4.7768206276185,10.732229729729731,0.45859586242150274
16,29.4,84.86,111.05000000000001,2.6691731195252326,4.463597513597515,0.5896363484506806
17,24.0,36.5,109.5,3.004129129129129,4.6276223776223775,0.11382352941176471
18,29.5,88.0,184.5,2.4272349272349274,11.521978021978022,0.4301841085271318
19,65.0,129.0,165.0,1.3131684491978608,2.9723084886128364,0.3184390243902439
20,16.5,90.5,159.55,2.0402270562083205,11.099404761904763,0.4167568396744651
21,9.0,118.5,196.5,5.500320307495196,22.8375,0.4360613810741688
22,52.5,59.0,130.05,2.2936764705882355,2.6631288109756097,0.04847652885443583
23,13.5,19.299999999999997,102.0,6.235902255639098,9.167763157894736,0.057431457431457424
24,10.799999999999999,14.819999999999999,106.5,7.4229024943310655,10.103174603174605,0.03754234297812279
25,112.5,244.5,247.05,1.0190403887033102,2.208574380165289,0.5342933494118822
26,26.9,83.36,129.0,3.5340085682551434,5.9909909909909915,0.4346634615384615
27,18.3,26.92,102.05000000000001,3.799459084604716,5.637742718446603,0.08474965858162302
28,10.0,135.0,145.5,2.5206494325346784,25.875,0.715033918595371
29,13.099999999999998,18.339999999999996,130.5,7.104091636654664,9.945728291316527,0.040290780141843965
30,20.5,173.5,137.0,0.8536055447820153,7.02125,1.1167883211678833
31,57.5,65.5,151.0,2.3044289044289044,2.6378787878787877,0.05198063380281691
32,20.799999999999997,29.119999999999997,74.05000000000001,2.545154854394589,3.5632167961524237,0.11249142273158619
33,12.0,39.5,102.0,2.724798387096774,8.785714285714285,0.2717171717171717
34,12.5,88.1,134.10000000000002,3.7195054945054955,10.796474358974361,0.5083576796953314
35,11.1,67.34,180.55,5.0228780864197535,19.912654320987656,0.33387637503316114
36,47.5,194.5,142.05,0.7288639978791093,9.361692506459947,1.0118088003798005
37,10.5,199.5,195.5,0.9767040877970197,20.107142857142858,0.9778060953594563
38,44.0,89.0,183.0,2.030084745762712,5.158620689655173,0.1852538358562455
39,10.0,39.3,138.5,4.52801798685576,16.988095238095237,0.1997273489932886
40,17.0,38.0,103.0,3.89375,6.167857142857143,0.19070649596965386
41,39.0,73.0,99.0,2.599232456140351,13.13888888888889,0.5616883116883117
42,14.799999999999999,20.72,113.0,5.453667953667954,7.635135135135136,0.05238938053097345
43,10.7,58.98,252.60000000000002,8.847865988500665,23.779561403508776,0.1836331053038335
44,17.5,96.0,131.55,1.3821874654581632,7.94404761904762,0.5907390410242706
45,10.0,89.5,163.55,2.2632653061224492,16.355,0.47836924424283933
46,9.299999999999999,107.32,192.60000000000002,5.421561518008221,24.583333333333336,0.4629909538532005
47,9.5,117.5,177.5,4.5657543391188256,28.425,0.5973518765479139
48,37.5,41.5,123.0,2.9694767441860463,3.2873931623931627,0.03252892561983471
49,10.299999999999999,55.82,189.05,6.5471980990977965,19.13621031746032,0.25022975779710566
50,13.0,29.0,134.0,4.690909090909091,12.23611111111111,0.11750278706800446
51,23.0,133.0,201.5,2.280867737003058,11.037946428571429,0.48010758144727494
52,227.5,244.5,115.0,0.47219803041468483,0.5057773312207752,0.1535301278149726
53,12.899999999999999,17.06,109.55000000000001,6.7844559975889105,8.697405063291141,0.036096884173836524
54,21.5,26.525,121.5,4.721197482067048,5.680434782608696,0.04146118412139277
55,17.799999999999997,24.919999999999998,101.0,4.031850353892821,5.64459049544995,0.07261788617886178
56,64.5,157.5,173.0,1.1003670242800676,13.739461358313816,0.5212712461027859
57,17.9,25.059999999999995,134.0,5.391500678232314,7.548100949525239,0.05802160864345737
58,26.5,38.5,117.5,3.062330623306233,4.555718475073314,0.10236163430889597
59,31.0,151.5,185.0,2.241404428904429,5.885504201680672,0.5411904983121186
60,30.8,59.22,235.0,6.5990355046128055,10.122996211017195,0.11424673503214877
61,22.0,32.0,110.10000000000002,3.4406250000000007,5.004545454545456,0.0908265213442325
62,41.5,227.0,157.5,0.6989296487301742,15.185064935064934,1.1736111111111112
63,5.0,156.0,201.10000000000002,1.5191509433962267,40.220000000000006,0.7757613279229819
64,38.5,94.0,118.5,1.8131756756756756,3.097469220246238,0.4436936936936937
65,16.5,23.099999999999998,108.10000000000002,4.717648423005567,6.604707792207794,0.0614598139183575
66,198.0,267.3,194.5,0.7449494949494949,1.0056818181818181,0.36392523364485985
67,72.5,75.5,112.05000000000001,1.4861520899192133,1.5456811263318113,0.026927028986084445
68,9.8,26.12,120.60000000000059,4.70132352068374,22.858634538152806,0.1399771088158627
69,123.5,210.025,223.55,1.2333721973542475,3.424283475145544,0.3862942924024286
70,31.0,136.0,149.10000000000002,1.1531250000000002,13.009090909090911,0.7125334522747546
71,11.1,15.54,127.5,13.755813953488373,19.25813953488372,0.04507893304300489
72,16.1,22.54,123.15000000000003,5.462742504409173,7.647839506172842,0.05233737637224821
73,19.799999999999997,27.719999999999995,197.5,9.14261252446184,12.799657534246577,0.039866666666666654
74,41.0,58.5,92.5,1.5829918032786885,2.2583333333333333,0.1886252045826514
75,68.0,84.30000000000001,104.5,1.2941697678539783,1.5539473684210527,0.15371083012644313
76,29.0,35.0,136.05,5.8942424242424245,11.362885154061628,0.043615864445658695
77,62.0,74.0,110.05000000000001,1.5507427156732052,1.8222756410256413,0.10902072496077944
78,14.0,19.599999999999998,124.0,6.326530612244898,8.857142857142858,0.04662906258393767
79,40.0,75.0,130.0,1.7654433139534884,3.2539086929330834,0.2672429104256705
80,10.0,60.5,193.15000000000003,4.644895833333334,20.72582417582418,0.24979367485314496
81,55.0,58.0,114.0,1.9655172413793103,2.0727272727272728,0.02631578947368421
82,17.4,49.959999999999994,171.5,4.457067950775817,9.874091209517516,0.18219630311711343
83,13.899999999999999,19.459999999999997,154.60000000000002,7.960549724248357,11.144769613947698,0.03594888403504806
84,15.0,20.25,113.05000000000001,5.826131687242798,7.865277777777779,0.04652990797546014
85,61.0,215.5,250.0,1.1761664261664262,5.491666666666666,0.6183050359251732
86,29.299999999999997,41.019999999999996,128.0,3.1202157966904966,4.368302115366695,0.09160549618320608
87,37.0,43.5,116.55000000000001,2.6955461293743372,3.148245614035088,0.057330057330057325
88,132.5,191.0,31.05000000000001,0.168478710210831,0.2713911945146158,2.017006802721088
89,131.5,243.82500000000002,207.5,0.9392176137324539,3.3084267330842674,0.5318734491315138
90,25.5,176.5,190.5,1.0854825156744878,7.728571428571428,0.7914783375592548
91,127.5,164.55,62.0,1.1916682530617424,1.2419754309490787,12.024931129476588
92,12.5,103.5,189.0,3.046013702896294,35.79545454545455,0.4814814814814815
93,28.0,140.5,166.05,1.2207917069502634,6.068709677419355,0.6614746939494466
94,7.6,42.339999999999996,174.05,7.108224267968058,28.558035714285715,0.2126538234455125
95,54.1,150.04,155.0,1.725010424016935,3.146741103848947,0.4868757402055995
96,30.0,42.5,110.5,2.722902097902098,3.6846496106785316,0.11143887250081941
97,21.0,43.0,107.5,2.509782608695652,6.233333333333333,0.20546996711095725
98,26.5,149.5,198.0,1.3240019692087361,7.480714285714285,0.621810752138935
99,95.5,201.5,113.0,0.6374214626790651,3.4683229813664593,1.9186720142602494
100,18.1,24.339999999999996,174.05,7.220933387600056,9.799691358024692,0.03595048318400164
101,198.0,239.75,134.0,0.5340308149672698,0.6463069669984285,0.22937225877192982
102,74.0,85.0,109.5,1.2880675526024363,1.4795433789954338,0.10050901201602136
103,17.1,98.24,170.55,2.7547728754057528,16.87890070921986,0.4893440614503606
104,15.799999999999999,22.119999999999997,106.5,4.806855402093499,6.729597562930897,0.059683611802346215
105,16.0,42.0,95.5,2.366470588235294,13.803571428571429,0.27166045185347665
106,6.5,132.5,137.0,2.631782249371182,26.958333333333332,0.7708086785009862
107,22.3,31.22,222.05,7.828217759252242,10.959504862953139,0.04022350538380254
108,16.9,23.659999999999997,94.5,4.01108547351525,5.615519662921349,0.0716853428955625
109,19.0,43.0,140.5,3.283739837398374,8.37076923076923,0.16971730730119994
110,38.5,68.5,73.5,1.7666320166320166,2.5943738656987296,0.41472222222222227
111,33.0,46.0,117.0,2.6624078624078624,3.739423076923077,0.11182622687047467
112,10.4,46.66,123.5,4.078437132784959,13.20807453416149,0.29876426603699335
113,18.6,26.04,144.55,5.67806752330562,7.949294532627866,0.051877535752309134
114,13.5,18.0,96.5,5.5285714285714285,7.162087912087912,0.04704618689581095
115,27.5,53.0,112.5,2.225602755453502,4.16,0.21484935437589672
116,52.0,216.0,219.5,1.0345223766276397,27.995,0.7490552325581395
117,11.0,23.5,108.0,4.787593984962406,11.238095238095237,0.1172384219554031
118,18.5,25.899999999999995,100.05000000000001,4.046440642891634,5.665016900048286,0.07548799613946189
119,42.5,59.0,128.5,2.181034482758621,3.021594684385382,0.12974452554744526
120,47.5,56.0,119.05000000000001,2.175260416666667,2.5070257092198585,0.0724499086039339
