Model / Input Configuration,Input Source,AUROC (%),F1 Score (%),R² Score,MAE (letters),Uncertainty
Clinical Reference (Lachance 2022),7 clinical features,80.6 ± 7.2,79.7 ± 6.8,—,—,No
CBR-Tiny OCT Reference (Lachance 2022),Preop OCT only,72.8 ± 14.6,61.5 ± 23.7,—,—,No
Hybrid Late Fusion (Lachance 2022),OCT + Clinical,81.9 ± 5.2,80.4 ± 7.7,—,—,No
Baseline VA only,This Work (Nested CV),82.7 ± 8.5,69.7 ± 9.3,0.476 ± 0.131,8.73 ± 1.48,No
Clinical Only (7 features),This Work (Nested CV),80.7 ± 10.2,66.6 ± 13.6,0.478 ± 0.141,8.75 ± 1.55,No
Track 1 Embeddings Only (PCA),This Work (Nested CV),59.5 ± 9.2,52.2 ± 11.1,-0.001 ± 0.144,11.51 ± 2.15,No
Track 2 Morphometry Only (Geometric),This Work (Nested CV),61.1 ± 9.2,58.2 ± 6.6,-0.229 ± 0.586,12.27 ± 2.49,No
Late Fusion: Clinical + Morphometry,This Work (Nested CV),80.9 ± 9.5,69.9 ± 9.4,0.414 ± 0.179,9.21 ± 1.83,No
Late Fusion: Clinical + Foundation Embeddings,This Work (Nested CV),79.3 ± 9.0,70.2 ± 12.4,0.485 ± 0.140,8.66 ± 1.76,No
Full Multimodal Fusion (Clinical + Track 1 + Track 2),This Work (Nested CV),80.3 ± 8.1,71.4 ± 10.5,0.438 ± 0.155,8.97 ± 1.99,Yes (Conformal / Isotonic)
