id,actual_gain,pred_gain,lower_bound_90,upper_bound_90,is_covered,residual,actual_binary,pred_prob,pred_binary
104,71.0,41.77150258645507,27.016453921021583,56.52655125188856,False,29.22849741354493,1,0.8142422197203831,1
105,37.0,21.318365481865097,6.563316816431609,36.073414147298585,False,15.681634518134903,1,0.6479970500750559,1
106,33.0,18.780984004510287,4.025935339076799,33.53603266994378,True,14.219015995489713,1,0.587470307619606,1
107,24.0,15.207027378446803,0.4519787130133146,29.96207604388029,True,8.792972621553197,1,0.5329069990555779,1
108,20.0,13.80175574111507,-0.9532929243184185,28.556804406548558,True,6.19824425888493,1,0.4000647208030623,0
109,6.0,-0.2214107212522114,-14.9764593866857,14.533637944181276,True,6.221410721252211,0,0.11156403722456378,0
110,1.0,24.42190485773581,9.666856192302323,39.1769535231693,False,23.42190485773581,0,0.7586615187968477,1
111,4.0,9.432029769739998,-5.32301889569349,24.187078435173486,True,5.432029769739998,0,0.5335886313750011,1
112,-6.0,7.178509403876865,-7.576539261556623,21.933558069310354,True,13.178509403876866,0,0.28093915571642447,0
113,11.0,22.43938593274268,7.684337267309193,37.19443459817617,True,11.439385932742681,0,0.7243815645514827,1
114,-20.0,4.608229235064684,-10.146819430368804,19.363277900498172,False,24.608229235064684,0,0.31875041455107644,0
115,7.0,4.347317273165033,-10.407731392268456,19.10236593859852,True,2.652682726834967,0,0.12890506890222725,0
116,9.0,7.726227630536094,-7.028821034897394,22.481276295969582,True,1.2737723694639058,0,0.17806152859004823,0
117,-5.0,-1.0412773081751472,-15.796325973608635,13.713771357258342,True,3.958722691824853,0,0.1401540336478234,0
118,20.0,13.805951997059243,-0.9490966683742457,28.56100066249273,True,6.194048002940757,1,0.44002751201738866,0
119,23.0,22.56286735859791,7.807818693164421,37.3179160240314,True,0.4371326414020906,1,0.7153614268300192,1
120,23.0,22.78360362039863,8.028554954965141,37.538652285832114,True,0.21639637960137037,1,0.6674121800683785,1
