id,age,sex,pseudophakic,mh_duration,elevated_edge,mh_size,VA_baseline,VA_2weeks,VA_3months,VA_6months,VA_12months
121,66,2,0,-9,-9,-9,10,0,41,41,
122,77,2,0,-9,-9,-9,10,21,42,,
123,70,2,0,-9,1,378,43,63,58,,67
124,63,2,0,-9,1,384,49,10,,,64
125,55,1,0,-9,1,580,50,68,69,,
126,63,2,0,-9,1,-9,54,68,69,,57
127,67,1,0,-9,1,293,55,0,50,,
128,62,2,0,-9,1,256,56,40,56,,
129,64,2,0,-9,1,-9,57,57,,56,
130,77,2,0,-9,0,225,59,,78,,
131,71,1,0,-9,1,334,59,55,65,,84
132,51,2,0,-9,1,447,60,55,67,,63
133,68,1,0,-9,1,149,67,72,,,64
134,69,2,0,-9,1,278,68,74,78,,
135,61,2,0,-9,0,97,72,63,77,,
136,79,2,0,1,1,272,36,63,63,,
137,74,2,0,1,1,155,41,63,68,,
138,63,2,0,1,1,184,63,63,80,,
139,68,2,0,2,-9,-9,-9,63,,,54
140,75,1,0,2,1,422,36,,,,
141,71,2,0,2,1,657,48,68,,,
142,70,2,0,2,1,453,58,0,54,,
143,71,2,0,2,1,584,60,60,59,,57
144,81,1,0,3,1,570,41,48,63,,
145,68,2,0,3,1,-9,62,74,,,59
146,66,2,0,3,1,159,64,65,,,65
147,62,2,0,3,0,-9,68,76,78,,
148,63,1,0,3,1,178,75,79,79,,
149,74,2,0,4,1,222,40,,,,
150,79,1,0,4,1,512,40,,56,,
151,47,2,0,4,1,188,42,56,,,
152,64,2,0,4,1,423,57,65,74,,76
153,55,2,0,4,1,322,58,67,72,,
154,70,2,0,4,1,221,59,77,76,,
155,73,2,0,4,0,304,59,71,67,,
156,70,2,0,4,1,94,66,75,74,,
157,67,1,0,4,0,-9,72,76,85,78,
158,59,2,0,5,1,705,10,10,10,,
159,66,2,0,5,-9,-9,34,69,64,,
160,64,2,0,5,0,364,43,63,68,,
161,66,1,0,5,1,414,43,0,,,79
162,77,1,0,5,1,328,48,56,60,,71
163,58,2,0,5,1,340,48,70,,,75
164,65,2,0,5,0,432,49,63,66,,
165,62,1,0,5,1,225,52,60,,,
166,59,1,0,5,1,395,52,75,84,,
167,65,1,0,5,1,-9,53,62,52,63,77
168,76,1,0,5,1,420,56,,80,,
169,66,1,0,5,1,144,60,,78,,
170,78,1,0,5,1,232,61,59,68,,
171,72,2,0,5,1,202,71,79,,,
172,53,2,0,6,1,-9,10,35,,,
173,77,1,0,6,1,472,34,57,62,,
174,69,1,0,6,-9,-9,41,75,74,,69
175,63,2,0,6,1,528,48,69,63,,78
176,65,2,0,6,1,573,48,60,,,
177,66,2,0,6,0,317,50,63,67,,63
178,67,1,0,6,1,316,51,52,64,,
179,69,1,0,6,0,360,56,55,74,,79
180,63,2,0,6,1,481,57,,70,,
181,72,2,0,6,1,88,60,69,,,
182,83,1,0,6,1,252,61,68,70,,70
183,64,2,0,6,1,264,62,70,70,,62
184,74,1,0,6,1,501,62,69,75,,
185,66,2,0,6,1,-9,63,69,74,,
186,68,2,0,6,1,252,63,68,68,,68
187,68,1,0,6,1,288,63,70,56,,58
188,58,1,0,6,1,345,63,70,63,,
189,72,1,0,6,1,376,63,20,69,,
190,53,1,0,6,1,307,65,79,,,
191,48,2,0,6,0,120,74,72,,,
192,57,2,0,7,1,256,36,75,61,,
193,57,1,0,7,1,645,36,43,,,63
194,70,2,0,7,1,672,36,67,66,,59
195,66,2,0,7,1,486,37,68,64,,56
196,62,2,0,7,1,494,40,64,63,,56
197,65,1,0,7,1,-9,49,50,67,65,
198,81,1,0,7,-9,-9,49,70,73,78,72
199,59,1,0,7,1,178,56,76,,,78
200,58,2,0,7,1,192,58,67,68,,
201,71,1,0,7,1,224,58,63,64,,63
202,68,1,0,7,1,282,59,74,,,
203,67,2,0,7,1,-9,61,59,78,,76
204,67,1,0,7,1,193,61,,80,,71
205,72,1,0,7,1,184,65,74,,,71
206,78,1,0,7,1,-9,69,60,,,70
207,77,1,0,7,0,134,75,80,,,
208,71,2,0,8,1,413,34,53,72,,71
209,64,2,0,8,1,578,36,67,,,
210,79,2,0,8,1,222,41,48,61,,53
211,66,2,0,8,1,388,42,49,,,
212,67,2,0,8,1,256,51,60,62,,
213,63,2,0,8,1,493,53,,63,,
214,67,1,0,8,1,-9,56,82,69,78,
215,59,2,0,8,0,76,56,65,71,,
216,67,2,0,8,1,264,57,71,68,,
217,65,2,0,8,1,297,57,64,,,
218,64,2,0,8,1,361,57,63,71,,60
219,72,1,0,8,1,155,59,,71,,
220,66,2,0,8,1,280,63,68,84,,68
221,52,2,0,8,1,229,65,60,72,,79
222,71,2,0,8,0,213,69,71,74,,
223,64,1,0,8,1,115,70,71,74,,
224,72,2,0,9,1,201,40,62,72,,68
225,75,2,0,9,1,545,40,42,58,,
226,68,2,0,9,1,688,40,40,59,,41
227,82,1,0,9,1,457,42,,,,77
228,67,2,0,9,1,363,43,53,,,
229,82,2,0,9,1,414,43,63,,,68
230,50,2,0,9,1,-9,48,48,71,67,67
231,71,2,0,9,1,299,48,,77,,
232,65,2,0,9,1,442,49,72,,,
233,65,2,0,9,1,357,51,,68,,
234,57,2,0,9,1,424,53,62,75,,
235,67,1,0,9,1,258,56,70,62,,
236,79,1,0,9,1,323,56,,70,,
237,65,2,0,9,1,484,57,63,60,,49
238,63,2,0,9,1,472,60,56,60,,61
239,66,2,0,9,0,252,63,69,75,,63
240,55,2,0,9,1,-9,76,71,67,80,
241,82,2,0,10,1,608,10,56,,,76
242,65,2,0,10,1,472,34,57,,,
243,70,2,0,10,1,544,34,57,68,,60
244,73,2,0,10,-9,-9,40,43,52,69,74
245,63,2,0,10,1,446,43,53,48,,
246,69,2,0,10,1,-9,48,56,,50,58
247,69,1,0,10,1,286,49,65,65,,
248,63,2,0,10,1,296,49,60,,,
249,72,2,0,10,1,248,52,64,76,,52
250,68,2,0,10,1,497,52,10,51,,
251,65,2,0,10,1,369,55,70,77,,
252,67,1,0,10,1,369,56,77,64,,62
253,74,1,0,10,1,-9,57,70,67,59,
254,68,2,0,10,1,157,59,78,,,
255,58,1,0,10,1,466,59,59,68,,
256,69,2,0,10,1,356,60,60,63,,
257,64,2,0,10,1,322,61,49,53,,
258,71,1,0,10,1,239,62,63,83,,67
259,64,2,0,10,1,381,63,,76,,
260,67,2,0,10,0,170,68,63,74,,84
261,73,2,0,11,1,744,10,,39,,
262,68,2,0,11,1,598,21,21,34,,
263,66,2,0,11,1,453,40,49,,,
264,64,1,0,11,1,423,42,60,61,,
265,68,2,0,11,1,323,44,68,68,,
266,79,1,0,11,1,-9,54,69,69,,72
267,67,2,0,11,1,208,56,66,65,,65
268,83,2,0,11,1,552,57,42,,,
269,69,2,0,11,1,270,60,68,75,,
270,73,2,0,11,1,138,61,76,77,,
271,73,2,0,11,1,-9,63,60,64,79,72
272,67,2,0,11,1,229,63,74,78,,
273,60,2,0,11,1,216,64,78,78,,
274,48,2,0,11,1,76,69,69,84,,
275,51,2,0,11,1,50,71,68,74,,
276,85,1,0,12,1,584,40,,57,,
277,62,2,0,12,1,432,52,48,59,,
278,66,2,0,12,1,137,53,53,56,,64
279,64,2,0,12,1,417,53,64,,,
280,62,2,0,12,1,656,56,48,67,,
281,54,2,0,12,0,-9,57,74,84,66,
282,70,2,0,12,1,270,60,42,56,,
283,71,2,0,12,1,404,60,67,84,,
284,62,2,0,12,0,-9,63,78,82,,
285,67,1,0,12,1,456,63,77,72,,69
286,69,1,0,12,0,288,65,63,72,,52
287,73,2,0,13,1,793,20,52,,,39
288,69,2,0,13,-9,-9,36,43,56,,49
289,65,2,0,13,1,-9,40,50,60,53,
290,61,2,0,13,1,475,42,63,64,,59
291,67,1,0,13,1,360,48,10,63,,
292,53,2,0,13,1,440,48,62,70,,
293,66,2,0,13,1,264,50,63,60,,
294,74,1,0,13,1,168,54,67,74,,
295,69,1,0,13,1,201,56,68,72,,60
296,67,1,0,13,1,321,57,77,78,,83
297,55,2,0,13,1,584,59,60,63,,
298,67,1,0,13,1,448,60,63,67,,54
299,84,1,0,13,1,145,63,65,83,,
300,81,1,0,13,1,541,63,67,64,,
301,71,2,0,13,1,274,67,71,83,,
302,60,2,0,13,1,136,69,,69,,
303,66,2,0,14,1,653,10,43,53,,57
304,63,2,0,14,1,-9,20,70,,36,56
305,72,2,0,14,1,199,20,36,67,,
306,52,2,0,14,1,555,20,,,,
307,60,2,0,14,1,431,34,57,,,
308,59,2,0,14,1,532,34,48,58,,58
309,65,2,0,14,1,700,34,56,60,,
310,72,2,0,14,1,299,36,57,82,,57
311,59,2,0,14,1,422,36,,71,,
312,73,2,0,14,0,320,52,,70,,
313,53,2,0,14,1,296,53,67,,,76
314,66,1,0,14,1,432,54,,58,,
315,68,2,0,14,1,270,63,70,70,,71
316,66,2,0,14,1,154,67,,65,,
317,69,1,0,14,-9,142,70,69,68,,78
318,69,2,0,14,1,112,72,68,63,,
319,50,1,0,15,0,-9,40,40,43,,
320,74,2,0,15,0,-9,48,,68,68,
321,77,1,0,15,1,360,52,56,65,,
322,73,2,0,15,1,400,52,63,67,,
323,60,2,0,15,1,335,53,57,71,,74
324,71,1,0,15,1,275,59,68,74,,
325,68,2,0,15,1,232,63,76,,,74
326,64,1,0,15,1,136,66,79,74,,
327,66,2,0,15,1,-9,69,10,,64,
328,72,1,0,16,1,449,34,63,,,
329,59,2,0,16,1,411,36,0,10,,
330,65,2,0,16,0,411,42,58,60,,60
331,68,2,0,16,1,377,49,,60,,
332,64,2,0,16,1,416,52,69,,,
333,40,1,0,16,1,272,53,54,68,,71
334,62,2,0,16,1,490,57,56,67,,63
335,57,2,0,16,-9,-9,63,69,75,,
336,83,1,0,16,1,216,69,,68,,
337,64,2,0,17,1,405,43,48,64,,
338,70,2,0,17,1,337,48,63,57,,
339,64,2,0,18,1,-9,36,20,36,,
340,83,1,0,18,1,646,36,21,,,
341,77,2,0,18,1,424,41,54,60,,56
342,51,1,0,18,1,542,41,43,,,
343,65,1,0,18,1,360,43,57,59,,64
344,63,2,0,18,1,370,57,49,71,,63
345,74,1,0,18,1,135,65,67,70,,
346,69,2,0,19,1,592,10,63,59,,
347,73,2,0,19,1,-9,51,,67,,60
348,75,2,0,19,1,400,51,60,56,,
349,73,1,0,19,1,712,60,,64,,
350,68,2,0,20,0,352,40,56,54,,
351,63,1,0,20,1,189,55,0,59,,71
352,72,2,0,21,1,648,43,53,63,,75
353,70,2,0,22,1,518,42,,65,,
354,74,2,0,22,1,278,55,,,,53
355,60,1,0,22,1,334,63,71,,,80
356,59,2,0,22,0,201,65,63,66,,
357,69,2,0,23,1,200,59,72,69,,
358,80,2,0,23,1,304,59,56,62,,
359,59,2,0,23,1,223,73,72,40,,84
360,64,2,0,26,1,552,50,65,,,61
361,56,2,0,26,1,392,61,59,54,,
362,66,2,0,28,1,-9,75,59,70,,57
363,66,1,0,29,1,443,63,59,75,,
364,67,2,0,30,1,264,62,74,78,,56
365,54,2,0,32,1,550,43,43,40,,
366,72,2,0,39,-9,211,63,,64,,71
367,74,2,0,40,1,389,63,48,59,,56
368,69,2,0,41,1,472,58,58,,,
369,70,2,0,52,1,-9,36,42,47,56,
370,82,2,0,122,1,-9,21,40,52,43,
371,62,2,0,8,1,336,52,59,,51,49
372,66,1,0,5,1,136,63,71,76,73,
373,68,1,0,11,1,298,61,71,80,72,
374,69,2,0,2,1,369,56,,58,,58
375,72,2,0,47,1,520,40,36,78,78,
376,67,2,0,1,1,256,10,,,66,
377,62,2,0,11,0,208,57,62,65,54,
378,59,2,0,5,1,144,55,58,72,74,
379,76,2,0,17,1,320,56,63,,55,62
380,62,2,0,6,0,312,55,,65,74,
381,75,2,0,3,1,280,52,69,75,70,
382,70,1,0,12,1,332,60,63,,64,
383,68,2,0,9,1,160,53,63,,78,
384,59,2,0,5,0,96,70,,,,74
385,65,2,0,4,-9,-9,63,70,,76,83
386,61,2,0,6,1,160,67,68,78,,72
387,67,2,0,3,1,424,56,66,65,80,
388,75,1,0,5,1,288,47,70,72,74,
389,65,2,0,8,-9,-9,63,59,67,68,58
390,66,2,0,5,1,160,63,63,67,,63
391,65,1,0,5,1,233,66,,,78,
392,62,2,0,3,0,307,61,71,,78,70
393,62,2,0,4,1,392,36,60,66,68,
394,72,1,0,3,1,304,51,58,69,71,
395,77,2,1,11,1,200,48,67,74,78,
396,66,1,0,5,1,312,52,67,71,80,75
397,73,2,0,8,-9,-9,60,57,65,63,72
398,53,1,0,14,1,240,52,62,68,80,
399,74,1,1,10,1,520,43,,63,,74
400,58,2,0,9,1,208,68,62,78,79,
401,74,2,0,7,-9,-9,56,71,,76,72
402,73,2,0,5,1,256,52,66,62,68,56
403,84,1,1,-9,1,498,20,10,20,,
404,84,2,1,-9,1,640,33,10,72,,
405,80,2,1,-9,1,235,34,,,,40
406,30,1,1,2,1,200,36,,74,,70
407,73,2,1,3,1,416,54,76,83,,
408,84,2,1,3,1,234,59,63,59,,
409,63,2,1,3,1,240,62,57,72,,80
410,81,2,1,4,1,193,53,71,79,,79
411,74,2,1,4,1,296,56,78,80,,
412,81,1,1,4,0,64,68,59,70,,
413,70,2,1,4,1,-9,70,80,83,,
414,73,1,1,5,1,240,49,73,85,,
415,72,1,1,5,1,154,56,70,69,,
416,69,1,1,5,1,200,56,66,74,,
417,86,1,1,5,1,300,56,63,69,,63
418,64,2,1,5,1,432,56,67,75,,
419,69,2,1,5,1,428,59,64,,,
420,74,1,1,5,-9,-9,78,43,,,
421,63,2,1,5,1,144,82,69,,,
422,71,2,1,6,1,390,48,,,,
423,64,2,1,6,1,544,48,,65,,
424,75,2,1,6,0,150,62,67,67,,80
425,75,1,1,7,1,482,20,57,,,74
426,72,2,1,7,1,425,36,60,,,
427,77,1,1,7,1,411,59,66,72,,
428,74,1,1,7,1,245,60,,78,,
429,87,1,1,7,1,384,60,,,,
430,59,2,1,7,1,248,66,,43,,71
431,62,1,1,8,1,900,10,0,,,
432,72,2,1,8,1,1001,42,68,,,
433,66,1,1,8,1,376,56,,,,80
434,72,2,1,8,1,164,60,64,,,74
435,63,1,1,8,1,390,61,79,,,
436,62,2,1,8,1,347,62,67,66,,
437,83,1,1,9,1,512,20,36,40,,36
438,84,2,1,9,-9,-9,34,,68,,
439,68,2,1,9,1,229,36,65,76,,78
440,56,1,1,9,1,536,36,0,71,,84
441,65,2,1,9,1,311,42,,62,,
442,74,2,1,9,1,405,51,70,,,
443,74,1,1,9,1,-9,53,63,,,
444,79,2,1,9,1,394,59,63,,,
445,74,2,1,10,1,-9,21,65,80,,70
446,68,2,1,10,1,464,43,,,,
447,66,2,1,10,1,224,60,63,,,78
448,66,2,1,10,1,262,63,62,,,
449,74,1,1,10,1,96,69,80,84,,
450,75,2,1,11,1,576,43,71,,,67
451,67,1,1,11,1,376,52,70,,,
452,63,2,1,11,1,242,57,,80,,
453,65,2,1,11,0,-9,59,74,78,,69
454,74,2,1,11,1,132,59,63,71,,77
455,69,1,1,11,1,272,63,83,61,,
456,75,2,1,11,1,380,69,,,,
457,71,1,1,12,1,202,54,65,80,,
458,77,2,1,12,1,464,70,67,76,,
459,80,1,1,12,0,145,72,68,68,,
460,64,2,1,13,1,631,21,52,64,,
461,65,1,1,13,1,912,43,59,,,
462,66,2,1,13,1,260,52,,77,,
463,74,2,1,13,0,-9,63,71,82,,74
464,67,2,1,13,1,328,63,63,78,,
465,62,2,1,14,0,950,20,10,10,,20
466,74,2,1,14,1,560,36,,20,,35
467,74,2,1,14,1,509,48,10,,,78
468,81,1,1,14,1,-9,56,70,73,,81
469,81,2,1,14,1,451,67,,,,
470,73,2,1,15,1,523,10,0,,,63
471,68,1,1,16,1,697,20,0,67,,
472,89,2,1,16,1,609,48,63,68,,
473,74,2,1,16,1,381,66,74,78,,
474,69,1,1,16,1,120,68,63,,,
475,67,2,1,17,1,246,42,74,68,,
476,71,1,1,17,1,375,56,43,57,,71
477,75,1,1,17,1,392,56,10,67,,
478,92,1,1,18,1,184,48,39,41,,
479,74,2,1,18,1,270,52,70,72,,
480,63,1,1,18,1,248,70,75,78,,
481,61,2,1,18,0,88,76,,,,
482,74,2,1,20,1,212,70,72,81,,
483,82,2,1,22,1,651,42,22,35,,
484,74,1,1,23,1,285,49,59,71,,
485,62,2,1,23,1,303,58,,,,79
486,65,2,1,24,1,545,55,,64,,
487,82,2,1,28,1,504,10,,59,,
488,74,1,1,28,-9,-9,40,10,40,,36
489,73,2,1,30,1,-9,34,10,56,,
490,77,1,1,36,-9,-9,41,20,41,,
491,85,2,1,36,1,327,49,42,41,,
492,91,1,1,74,1,446,48,49,52,,
493,79,1,1,83,1,327,42,42,,,
